{"meta": {"version": "7.2.6", "timestamp": "2023-05-29T18:48:03.199542", "branch_coverage": false, "show_contexts": false}, "files": {"src/__init__.py": {"executed_lines": [1, 2], "summary": {"covered_lines": 2, "num_statements": 2, "percent_covered": 100.0, "percent_covered_display": "100", "missing_lines": 0, "excluded_lines": 0}, "missing_lines": [], "excluded_lines": []}, "src/customdataclass.py": {"executed_lines": [1, 6, 8, 9, 10, 12, 13, 16, 17, 39, 40, 41, 42, 43, 44, 45, 47, 56, 58, 61, 63, 65, 67, 70, 72, 76, 78, 79, 82, 83, 84, 86, 91, 98, 99, 100, 102, 105, 107, 109, 117, 119, 129, 130, 131, 133, 135, 141, 142, 143, 144, 145, 146, 147, 149, 151, 153, 163, 164, 165, 166, 168, 170, 171, 173, 174, 175, 176, 177, 179, 180, 182, 183, 184, 187, 189, 201, 202, 204, 217, 218, 219, 220, 221, 223, 225, 245, 246, 248, 250, 261, 262, 263, 264, 266, 268, 280, 281, 283, 284, 286, 287, 288, 289, 291, 292, 293, 297, 314, 315, 316, 317, 319, 329, 330, 331, 333, 334, 338, 340, 346, 347, 349, 356, 358, 359, 360, 361, 362, 363, 364, 365, 366, 367, 369, 371, 373, 375, 377, 378, 380, 386, 388, 397, 398, 400, 401, 402, 404, 406, 412, 413, 415, 427, 429, 435, 437, 438, 445, 446, 448, 449, 450, 451, 452, 453, 455, 457, 459, 460, 467, 469, 484, 489, 491, 492, 493, 494, 496, 497, 498, 500, 502, 503, 510, 511, 512, 514, 516, 518, 519, 521, 522, 524, 527, 529, 531, 532, 534, 536, 537, 538, 546, 550, 551, 552, 554, 556, 557, 563, 565, 566, 567, 573, 575, 576, 577, 583, 585, 586, 592, 594, 595, 596, 605, 606, 608, 609, 610, 619, 620, 622, 623, 624, 633, 634, 638, 639, 648, 649], "summary": {"covered_lines": 238, "num_statements": 239, "percent_covered": 99.581589958159, "percent_covered_display": "99", "missing_lines": 1, "excluded_lines": 0}, "missing_lines": [295], "excluded_lines": []}}, "totals": {"covered_lines": 240, "num_statements": 241, "percent_covered": 99.5850622406639, "percent_covered_display": "99", "missing_lines": 1, "excluded_lines": 0}}