{"meta": {"version": "7.3.2", "timestamp": "2023-10-30T17:19:07.668503", "branch_coverage": false, "show_contexts": false}, "files": {"src/__init__.py": {"executed_lines": [1, 2], "summary": {"covered_lines": 2, "num_statements": 2, "percent_covered": 100.0, "percent_covered_display": "100", "missing_lines": 0, "excluded_lines": 0}, "missing_lines": [], "excluded_lines": []}, "src/customdataclass.py": {"executed_lines": [1, 6, 8, 9, 10, 12, 13, 14, 17, 18, 40, 41, 42, 43, 44, 45, 47, 56, 59, 61, 63, 65, 68, 70, 74, 76, 77, 80, 81, 82, 84, 89, 96, 97, 98, 100, 103, 105, 107, 115, 117, 127, 128, 129, 131, 133, 139, 140, 141, 142, 143, 144, 145, 147, 149, 151, 161, 162, 163, 164, 166, 168, 169, 171, 172, 173, 174, 175, 177, 178, 180, 181, 182, 185, 187, 199, 200, 202, 215, 216, 217, 218, 219, 221, 223, 243, 244, 246, 248, 259, 260, 261, 262, 264, 266, 278, 279, 281, 282, 284, 285, 286, 287, 289, 290, 291, 295, 312, 313, 314, 315, 317, 327, 328, 329, 331, 332, 336, 338, 344, 345, 347, 354, 356, 357, 358, 359, 360, 361, 362, 363, 364, 365, 367, 369, 371, 373, 375, 376, 378, 384, 386, 395, 396, 398, 399, 400, 402, 404, 410, 411, 413, 425, 427, 433, 435, 436, 442, 444, 461, 462, 463, 464, 465, 466, 468, 469, 470, 471, 473, 475, 476, 477, 478, 479, 481, 484, 485, 486, 487, 489, 491, 493, 494, 501, 503, 518, 523, 525, 526, 527, 528, 530, 531, 532, 534, 536, 537, 544, 545, 546, 548, 550, 552, 553, 555, 556, 558, 561, 563, 565, 566, 568, 570, 571, 572, 581, 585, 586, 587, 589, 591, 592, 598, 600, 601, 602, 608, 610, 611, 612, 618, 620, 621, 627, 629, 630, 631, 640, 641, 643, 644, 645, 654, 655, 657, 658, 659, 668, 669, 673, 674, 683, 684], "summary": {"covered_lines": 252, "num_statements": 254, "percent_covered": 99.21259842519684, "percent_covered_display": "99", "missing_lines": 2, "excluded_lines": 0}, "missing_lines": [293, 482], "excluded_lines": []}}, "totals": {"covered_lines": 254, "num_statements": 256, "percent_covered": 99.21875, "percent_covered_display": "99", "missing_lines": 2, "excluded_lines": 0}}