{"meta": {"version": "7.2.3", "timestamp": "2023-05-01T21:09:12.329320", "branch_coverage": false, "show_contexts": false}, "files": {"src/__init__.py": {"executed_lines": [1, 2], "summary": {"covered_lines": 2, "num_statements": 2, "percent_covered": 100.0, "percent_covered_display": "100", "missing_lines": 0, "excluded_lines": 0}, "missing_lines": [], "excluded_lines": []}, "src/customdataclass.py": {"executed_lines": [1, 6, 8, 9, 12, 13, 35, 36, 37, 38, 39, 40, 42, 50, 51, 54, 57, 59, 61, 63, 66, 68, 70, 73, 74, 76, 80, 82, 84, 87, 88, 90, 93, 95, 97, 107, 108, 109, 111, 113, 119, 120, 121, 123, 133, 134, 137, 139, 141, 142, 144, 146, 156, 157, 159, 160, 161, 162, 166, 168, 178, 179, 181, 183, 193, 194, 196, 198, 215, 216, 217, 218, 220, 230, 231, 232, 234, 235, 239, 241, 247, 248, 250, 257, 259, 260, 261, 262, 263, 264, 265, 266, 267, 268, 270, 272, 274, 276, 278, 279, 281, 287, 289, 298, 299, 301, 302, 303, 305, 307, 313, 314, 316, 328, 330, 336, 338, 339, 345, 351, 352, 359, 361, 376, 381, 383, 384, 385, 386, 388, 395, 396, 397, 399, 401, 402, 409, 410, 411, 413, 415, 417, 418, 420, 421, 423, 426, 428, 430, 431, 432, 440, 444, 445, 446, 448, 450, 451, 457, 459, 460, 461, 467, 469, 470, 471, 477, 479, 480, 486, 488, 489, 490, 499, 500, 502, 503, 504, 513, 514, 516, 517, 518, 527, 528, 532, 533, 542, 543], "summary": {"covered_lines": 187, "num_statements": 191, "percent_covered": 97.90575916230367, "percent_covered_display": "98", "missing_lines": 4, "excluded_lines": 0}, "missing_lines": [135, 163, 164, 389], "excluded_lines": []}, "tests/test_complex_dataclass.py": {"executed_lines": [1, 3, 6, 7, 9, 10, 11, 12, 15, 16, 17, 24, 25, 30, 31, 32, 33, 34, 35, 37, 38, 39, 40, 42, 43, 44, 45, 47, 48, 49, 50, 52, 53, 54, 55, 57, 58, 60, 61, 63, 64, 66, 67, 68], "summary": {"covered_lines": 43, "num_statements": 43, "percent_covered": 100.0, "percent_covered_display": "100", "missing_lines": 0, "excluded_lines": 0}, "missing_lines": [], "excluded_lines": []}, "tests/test_dataclass.py": {"executed_lines": [1, 3, 6, 7, 9, 10, 11, 12, 15, 16, 18, 19, 20, 21, 24, 25, 26, 28, 29, 30, 31, 32, 33, 35, 36, 37, 38, 40, 41, 42, 43, 45, 46, 47, 48, 50, 51, 52, 53, 55, 56, 57, 58, 59, 61, 62, 63, 64, 65, 66, 67, 69, 70, 71, 76, 77, 78, 80, 81, 82, 86, 87, 88, 89, 91, 92, 99, 100, 102, 103, 104, 105, 107, 108, 110, 111, 113, 114, 116, 117, 119, 120, 121, 122, 125, 126, 129, 130, 131, 132, 134, 135, 136], "summary": {"covered_lines": 91, "num_statements": 91, "percent_covered": 100.0, "percent_covered_display": "100", "missing_lines": 0, "excluded_lines": 0}, "missing_lines": [], "excluded_lines": []}, "tests/test_dataclass_list.py": {"executed_lines": [1, 3, 6, 7, 9, 10, 11, 12, 15, 16, 18, 19, 20, 21, 24, 25, 26, 33, 34, 35, 36, 37, 38, 40, 41, 42, 43, 44, 46, 47, 48, 49, 52, 53, 54, 61, 62, 63, 64, 65, 66, 68, 69, 70, 71, 72, 73, 75, 76, 77, 78, 80, 81], "summary": {"covered_lines": 51, "num_statements": 51, "percent_covered": 100.0, "percent_covered_display": "100", "missing_lines": 0, "excluded_lines": 0}, "missing_lines": [], "excluded_lines": []}, "tests/test_default_value_dataclass.py": {"executed_lines": [1, 3, 6, 7, 8, 11, 12, 13, 14, 15, 17, 18, 19, 20, 22, 23, 24, 26, 27, 28], "summary": {"covered_lines": 20, "num_statements": 20, "percent_covered": 100.0, "percent_covered_display": "100", "missing_lines": 0, "excluded_lines": 0}, "missing_lines": [], "excluded_lines": []}, "tests/test_incomplete_typing_dataclass.py": {"executed_lines": [1, 3, 6, 7, 9, 10, 11, 12, 15, 16, 18, 21, 22, 23, 24, 25, 26, 27, 29, 30, 31, 32, 34, 35, 36, 37, 39, 40, 41, 42, 44, 45, 46], "summary": {"covered_lines": 31, "num_statements": 31, "percent_covered": 100.0, "percent_covered_display": "100", "missing_lines": 0, "excluded_lines": 0}, "missing_lines": [], "excluded_lines": []}, "tests/test_mutable_dataclass.py": {"executed_lines": [1, 3, 6, 7, 9, 10, 11, 12, 15, 16, 17, 18, 20, 22, 23, 24, 25, 26, 27, 29, 30, 31, 32, 34, 35, 36, 37, 39, 40, 41, 42, 43, 44, 46, 47, 48, 49, 51], "summary": {"covered_lines": 37, "num_statements": 37, "percent_covered": 100.0, "percent_covered_display": "100", "missing_lines": 0, "excluded_lines": 0}, "missing_lines": [], "excluded_lines": []}, "tests/test_nested_dataclass.py": {"executed_lines": [1, 3, 6, 7, 9, 10, 13, 14, 16, 17, 20, 21, 23, 24, 27, 28, 30, 33, 34, 36, 39, 40, 42, 45, 46, 48, 51, 52, 53, 54, 55, 57, 58, 64, 65, 66, 67, 68, 69, 71, 72, 73, 74, 76, 77, 78, 79, 81, 85, 89, 91, 92, 93, 94, 96, 97, 98, 99, 101, 102, 104, 105, 107, 108, 111, 112, 113, 118, 120, 121, 126, 127, 129, 130, 132, 133, 135, 136, 139, 140, 142, 143, 146, 147, 149, 150, 153, 154, 156, 157, 160, 161, 163, 166, 167, 168, 169, 170, 171, 172, 173, 174, 175, 177, 178, 179, 180, 182, 183, 185, 186, 188, 189], "summary": {"covered_lines": 102, "num_statements": 102, "percent_covered": 100.0, "percent_covered_display": "100", "missing_lines": 0, "excluded_lines": 0}, "missing_lines": [], "excluded_lines": []}, "tests/test_partial_dataclass.py": {"executed_lines": [1, 3, 6, 7, 9, 10, 11, 12, 15, 16, 18, 19, 20, 21, 24, 25, 26, 27, 28, 29, 31, 32, 33, 35, 36, 37, 38, 39, 41, 42, 43, 45, 46, 47, 49, 50, 51, 53, 54, 55, 57, 58, 60, 61, 62, 64, 66, 68, 70, 72, 74, 75, 76, 77, 78, 79, 80, 82, 83, 85, 90, 92, 98, 100], "summary": {"covered_lines": 62, "num_statements": 62, "percent_covered": 100.0, "percent_covered_display": "100", "missing_lines": 0, "excluded_lines": 0}, "missing_lines": [], "excluded_lines": []}, "tests/test_random_dataclass.py": {"executed_lines": [1, 2, 4, 7, 8, 10, 11, 12, 13, 16, 17, 18, 19, 21, 28, 29, 30, 31, 32, 33, 34, 36, 37, 38, 39, 40], "summary": {"covered_lines": 25, "num_statements": 25, "percent_covered": 100.0, "percent_covered_display": "100", "missing_lines": 0, "excluded_lines": 0}, "missing_lines": [], "excluded_lines": []}}, "totals": {"covered_lines": 651, "num_statements": 655, "percent_covered": 99.38931297709924, "percent_covered_display": "99", "missing_lines": 4, "excluded_lines": 0}}