{"meta": {"version": "7.2.5", "timestamp": "2023-05-16T14:20:29.145678", "branch_coverage": false, "show_contexts": false}, "files": {"src/__init__.py": {"executed_lines": [1, 2], "summary": {"covered_lines": 2, "num_statements": 2, "percent_covered": 100.0, "percent_covered_display": "100", "missing_lines": 0, "excluded_lines": 0}, "missing_lines": [], "excluded_lines": []}, "src/customdataclass.py": {"executed_lines": [1, 6, 8, 10, 11, 12, 15, 16, 38, 39, 40, 41, 42, 43, 45, 53, 54, 57, 60, 62, 64, 66, 69, 71, 73, 76, 77, 79, 83, 85, 87, 90, 91, 93, 96, 98, 100, 108, 110, 120, 121, 122, 124, 126, 132, 133, 134, 136, 146, 147, 150, 152, 154, 155, 157, 159, 169, 170, 172, 173, 179, 181, 191, 192, 194, 196, 206, 207, 209, 211, 228, 229, 230, 231, 233, 243, 244, 245, 247, 248, 252, 254, 260, 261, 263, 270, 272, 273, 274, 275, 276, 277, 278, 279, 280, 281, 283, 285, 287, 289, 291, 292, 294, 300, 302, 311, 312, 314, 315, 316, 318, 320, 326, 327, 329, 341, 343, 349, 351, 352, 358, 364, 365, 372, 374, 389, 394, 396, 397, 398, 399, 401, 404, 405, 406, 408, 410, 411, 418, 419, 420, 422, 424, 426, 427, 429, 430, 432, 435, 437, 439, 440, 442, 444, 445, 446, 454, 458, 459, 460, 462, 464, 465, 471, 473, 474, 475, 481, 483, 484, 485, 491, 493, 494, 500, 502, 503, 504, 513, 514, 516, 517, 518, 527, 528, 530, 531, 532, 541, 542, 546, 547, 556, 557], "summary": {"covered_lines": 192, "num_statements": 198, "percent_covered": 96.96969696969697, "percent_covered_display": "97", "missing_lines": 6, "excluded_lines": 0}, "missing_lines": [148, 174, 175, 176, 177, 402], "excluded_lines": []}, "tests/test_complex_dataclass.py": {"executed_lines": [1, 3, 6, 7, 9, 10, 11, 12, 15, 16, 17, 24, 25, 30, 31, 32, 33, 34, 35, 37, 38, 39, 40, 42, 43, 44, 45, 47, 48, 49, 50, 52, 53, 54, 55, 57, 58, 60, 61, 63, 64, 66, 67, 68], "summary": {"covered_lines": 43, "num_statements": 43, "percent_covered": 100.0, "percent_covered_display": "100", "missing_lines": 0, "excluded_lines": 0}, "missing_lines": [], "excluded_lines": []}, "tests/test_dataclass.py": {"executed_lines": [1, 2, 4, 7, 8, 10, 11, 12, 13, 16, 17, 19, 20, 21, 22, 25, 26, 27, 29, 30, 31, 32, 33, 34, 36, 37, 38, 39, 41, 42, 43, 44, 46, 47, 48, 49, 51, 52, 53, 54, 56, 57, 58, 59, 60, 62, 63, 64, 65, 66, 67, 68, 70, 71, 72, 77, 78, 79, 81, 82, 83, 87, 88, 89, 90, 92, 93, 100, 101, 103, 104, 105, 106, 108, 109, 111, 112, 114, 115, 117, 118, 120, 121, 122, 123, 126, 127, 130, 131, 132, 133, 135, 136, 137, 140, 141, 143, 146, 147, 148, 149, 151, 152, 153, 154, 156, 157, 158], "summary": {"covered_lines": 105, "num_statements": 105, "percent_covered": 100.0, "percent_covered_display": "100", "missing_lines": 0, "excluded_lines": 0}, "missing_lines": [], "excluded_lines": []}, "tests/test_dataclass_list.py": {"executed_lines": [1, 3, 6, 7, 9, 10, 11, 12, 15, 16, 18, 19, 20, 21, 24, 25, 26, 33, 34, 35, 36, 37, 38, 40, 41, 42, 43, 44, 46, 47, 48, 49, 52, 53, 54, 61, 62, 63, 64, 65, 66, 68, 69, 70, 71, 72, 73, 75, 76, 77, 78, 80, 81], "summary": {"covered_lines": 51, "num_statements": 51, "percent_covered": 100.0, "percent_covered_display": "100", "missing_lines": 0, "excluded_lines": 0}, "missing_lines": [], "excluded_lines": []}, "tests/test_default_value_dataclass.py": {"executed_lines": [1, 3, 6, 7, 8, 11, 12, 13, 14, 15, 17, 18, 19, 20, 22, 23, 24, 26, 27, 28], "summary": {"covered_lines": 20, "num_statements": 20, "percent_covered": 100.0, "percent_covered_display": "100", "missing_lines": 0, "excluded_lines": 0}, "missing_lines": [], "excluded_lines": []}, "tests/test_incomplete_typing_dataclass.py": {"executed_lines": [1, 3, 6, 7, 9, 10, 11, 12, 15, 16, 18, 21, 22, 23, 24, 25, 26, 27, 29, 30, 31, 32, 34, 35, 36, 37, 39, 40, 41, 42, 44, 45, 46], "summary": {"covered_lines": 31, "num_statements": 31, "percent_covered": 100.0, "percent_covered_display": "100", "missing_lines": 0, "excluded_lines": 0}, "missing_lines": [], "excluded_lines": []}, "tests/test_mutable_dataclass.py": {"executed_lines": [1, 3, 6, 7, 9, 10, 11, 12, 15, 16, 17, 18, 20, 22, 23, 24, 25, 26, 27, 29, 30, 31, 32, 34, 36, 37, 38, 39, 41, 42, 43, 44, 45, 46, 48, 49, 50, 51, 53, 55, 56, 57, 58, 59, 60], "summary": {"covered_lines": 44, "num_statements": 44, "percent_covered": 100.0, "percent_covered_display": "100", "missing_lines": 0, "excluded_lines": 0}, "missing_lines": [], "excluded_lines": []}, "tests/test_nested_dataclass.py": {"executed_lines": [1, 3, 6, 7, 9, 10, 13, 14, 16, 17, 20, 21, 23, 24, 27, 28, 30, 33, 34, 36, 39, 40, 42, 45, 46, 48, 51, 52, 53, 54, 55, 57, 58, 64, 65, 66, 67, 68, 69, 71, 72, 73, 74, 76, 77, 78, 79, 81, 85, 89, 91, 92, 93, 94, 96, 97, 98, 99, 101, 102, 104, 105, 107, 108, 111, 112, 113, 118, 120, 121, 126, 127, 129, 130, 132, 133, 135, 136, 139, 140, 142, 143, 146, 147, 149, 150, 153, 154, 156, 157, 160, 161, 163, 166, 167, 168, 169, 170, 171, 172, 173, 174, 175, 177, 178, 179, 180, 182, 183, 185, 186, 188, 189], "summary": {"covered_lines": 102, "num_statements": 102, "percent_covered": 100.0, "percent_covered_display": "100", "missing_lines": 0, "excluded_lines": 0}, "missing_lines": [], "excluded_lines": []}, "tests/test_partial_dataclass.py": {"executed_lines": [1, 3, 6, 7, 9, 10, 11, 12, 15, 16, 18, 19, 20, 21, 24, 25, 26, 27, 28, 29, 31, 32, 33, 35, 36, 37, 38, 39, 41, 42, 43, 45, 46, 47, 49, 50, 51, 53, 54, 55, 57, 58, 60, 61, 62, 64, 66, 68, 70, 72, 74, 75, 76, 77, 78, 79, 80, 82, 83, 85, 90, 92, 98, 100], "summary": {"covered_lines": 62, "num_statements": 62, "percent_covered": 100.0, "percent_covered_display": "100", "missing_lines": 0, "excluded_lines": 0}, "missing_lines": [], "excluded_lines": []}, "tests/test_random_dataclass.py": {"executed_lines": [1, 2, 4, 7, 8, 10, 11, 12, 13, 16, 17, 18, 19, 21, 28, 29, 30, 31, 32, 33, 34, 36, 37, 38, 39, 40], "summary": {"covered_lines": 25, "num_statements": 25, "percent_covered": 100.0, "percent_covered_display": "100", "missing_lines": 0, "excluded_lines": 0}, "missing_lines": [], "excluded_lines": []}}, "totals": {"covered_lines": 677, "num_statements": 683, "percent_covered": 99.12152269399706, "percent_covered_display": "99", "missing_lines": 6, "excluded_lines": 0}}