{"meta": {"version": "7.2.3", "timestamp": "2023-05-02T10:46:00.024254", "branch_coverage": false, "show_contexts": false}, "files": {"src/__init__.py": {"executed_lines": [1, 2], "summary": {"covered_lines": 2, "num_statements": 2, "percent_covered": 100.0, "percent_covered_display": "100", "missing_lines": 0, "excluded_lines": 0}, "missing_lines": [], "excluded_lines": []}, "src/customdataclass.py": {"executed_lines": [1, 6, 8, 10, 11, 12, 15, 16, 38, 39, 40, 41, 42, 43, 45, 53, 54, 57, 60, 62, 64, 66, 69, 71, 73, 76, 77, 79, 83, 85, 87, 90, 91, 93, 96, 98, 100, 110, 111, 112, 114, 116, 122, 123, 124, 126, 136, 137, 140, 142, 144, 145, 147, 149, 159, 160, 162, 163, 164, 165, 169, 171, 181, 182, 184, 186, 196, 197, 199, 201, 218, 219, 220, 221, 223, 233, 234, 235, 237, 238, 242, 244, 250, 251, 253, 260, 262, 263, 264, 265, 266, 267, 268, 269, 270, 271, 273, 275, 277, 279, 281, 282, 284, 290, 292, 301, 302, 304, 305, 306, 308, 310, 316, 317, 319, 331, 333, 339, 341, 342, 348, 354, 355, 362, 364, 379, 384, 386, 387, 388, 389, 391, 394, 395, 396, 398, 400, 401, 408, 409, 410, 412, 414, 416, 417, 419, 420, 422, 425, 427, 429, 430, 431, 439, 443, 444, 445, 447, 449, 450, 456, 458, 459, 460, 466, 468, 469, 470, 476, 478, 479, 485, 487, 488, 489, 498, 499, 501, 502, 503, 512, 513, 515, 516, 517, 526, 527, 531, 532, 541, 542], "summary": {"covered_lines": 189, "num_statements": 193, "percent_covered": 97.92746113989638, "percent_covered_display": "98", "missing_lines": 4, "excluded_lines": 0}, "missing_lines": [138, 166, 167, 392], "excluded_lines": []}, "tests/test_complex_dataclass.py": {"executed_lines": [1, 3, 6, 7, 9, 10, 11, 12, 15, 16, 17, 24, 25, 30, 31, 32, 33, 34, 35, 37, 38, 39, 40, 42, 43, 44, 45, 47, 48, 49, 50, 52, 53, 54, 55, 57, 58, 60, 61, 63, 64, 66, 67, 68], "summary": {"covered_lines": 43, "num_statements": 43, "percent_covered": 100.0, "percent_covered_display": "100", "missing_lines": 0, "excluded_lines": 0}, "missing_lines": [], "excluded_lines": []}, "tests/test_dataclass.py": {"executed_lines": [1, 3, 6, 7, 9, 10, 11, 12, 15, 16, 18, 19, 20, 21, 24, 25, 26, 28, 29, 30, 31, 32, 33, 35, 36, 37, 38, 40, 41, 42, 43, 45, 46, 47, 48, 50, 51, 52, 53, 55, 56, 57, 58, 59, 61, 62, 63, 64, 65, 66, 67, 69, 70, 71, 76, 77, 78, 80, 81, 82, 86, 87, 88, 89, 91, 92, 99, 100, 102, 103, 104, 105, 107, 108, 110, 111, 113, 114, 116, 117, 119, 120, 121, 122, 125, 126, 129, 130, 131, 132, 134, 135, 136], "summary": {"covered_lines": 91, "num_statements": 91, "percent_covered": 100.0, "percent_covered_display": "100", "missing_lines": 0, "excluded_lines": 0}, "missing_lines": [], "excluded_lines": []}, "tests/test_dataclass_list.py": {"executed_lines": [1, 3, 6, 7, 9, 10, 11, 12, 15, 16, 18, 19, 20, 21, 24, 25, 26, 33, 34, 35, 36, 37, 38, 40, 41, 42, 43, 44, 46, 47, 48, 49, 52, 53, 54, 61, 62, 63, 64, 65, 66, 68, 69, 70, 71, 72, 73, 75, 76, 77, 78, 80, 81], "summary": {"covered_lines": 51, "num_statements": 51, "percent_covered": 100.0, "percent_covered_display": "100", "missing_lines": 0, "excluded_lines": 0}, "missing_lines": [], "excluded_lines": []}, "tests/test_default_value_dataclass.py": {"executed_lines": [1, 3, 6, 7, 8, 11, 12, 13, 14, 15, 17, 18, 19, 20, 22, 23, 24, 26, 27, 28], "summary": {"covered_lines": 20, "num_statements": 20, "percent_covered": 100.0, "percent_covered_display": "100", "missing_lines": 0, "excluded_lines": 0}, "missing_lines": [], "excluded_lines": []}, "tests/test_incomplete_typing_dataclass.py": {"executed_lines": [1, 3, 6, 7, 9, 10, 11, 12, 15, 16, 18, 21, 22, 23, 24, 25, 26, 27, 29, 30, 31, 32, 34, 35, 36, 37, 39, 40, 41, 42, 44, 45, 46], "summary": {"covered_lines": 31, "num_statements": 31, "percent_covered": 100.0, "percent_covered_display": "100", "missing_lines": 0, "excluded_lines": 0}, "missing_lines": [], "excluded_lines": []}, "tests/test_mutable_dataclass.py": {"executed_lines": [1, 3, 6, 7, 9, 10, 11, 12, 15, 16, 17, 18, 20, 22, 23, 24, 25, 26, 27, 29, 30, 31, 32, 34, 35, 36, 37, 39, 40, 41, 42, 43, 44, 46, 47, 48, 49, 51], "summary": {"covered_lines": 37, "num_statements": 37, "percent_covered": 100.0, "percent_covered_display": "100", "missing_lines": 0, "excluded_lines": 0}, "missing_lines": [], "excluded_lines": []}, "tests/test_nested_dataclass.py": {"executed_lines": [1, 3, 6, 7, 9, 10, 13, 14, 16, 17, 20, 21, 23, 24, 27, 28, 30, 33, 34, 36, 39, 40, 42, 45, 46, 48, 51, 52, 53, 54, 55, 57, 58, 64, 65, 66, 67, 68, 69, 71, 72, 73, 74, 76, 77, 78, 79, 81, 85, 89, 91, 92, 93, 94, 96, 97, 98, 99, 101, 102, 104, 105, 107, 108, 111, 112, 113, 118, 120, 121, 126, 127, 129, 130, 132, 133, 135, 136, 139, 140, 142, 143, 146, 147, 149, 150, 153, 154, 156, 157, 160, 161, 163, 166, 167, 168, 169, 170, 171, 172, 173, 174, 175, 177, 178, 179, 180, 182, 183, 185, 186, 188, 189], "summary": {"covered_lines": 102, "num_statements": 102, "percent_covered": 100.0, "percent_covered_display": "100", "missing_lines": 0, "excluded_lines": 0}, "missing_lines": [], "excluded_lines": []}, "tests/test_partial_dataclass.py": {"executed_lines": [1, 3, 6, 7, 9, 10, 11, 12, 15, 16, 18, 19, 20, 21, 24, 25, 26, 27, 28, 29, 31, 32, 33, 35, 36, 37, 38, 39, 41, 42, 43, 45, 46, 47, 49, 50, 51, 53, 54, 55, 57, 58, 60, 61, 62, 64, 66, 68, 70, 72, 74, 75, 76, 77, 78, 79, 80, 82, 83, 85, 90, 92, 98, 100], "summary": {"covered_lines": 62, "num_statements": 62, "percent_covered": 100.0, "percent_covered_display": "100", "missing_lines": 0, "excluded_lines": 0}, "missing_lines": [], "excluded_lines": []}, "tests/test_random_dataclass.py": {"executed_lines": [1, 2, 4, 7, 8, 10, 11, 12, 13, 16, 17, 18, 19, 21, 28, 29, 30, 31, 32, 33, 34, 36, 37, 38, 39, 40], "summary": {"covered_lines": 25, "num_statements": 25, "percent_covered": 100.0, "percent_covered_display": "100", "missing_lines": 0, "excluded_lines": 0}, "missing_lines": [], "excluded_lines": []}}, "totals": {"covered_lines": 653, "num_statements": 657, "percent_covered": 99.39117199391173, "percent_covered_display": "99", "missing_lines": 4, "excluded_lines": 0}}